Bus_Number,Model,Type
SG1751Y,MAN A22,SD
SMB3052R,MAN A22,SD
SMB1533H,MAN A22,SD
SMB1583M,MAN A22,SD
SMB266K,MAN A22,SD
SMB1628T,MAN A22,SD
SMB3124S,MAN A22,SD
SMB1419E,MAN A22,SD
SMB269C,MAN A22,SD
SMB317Y,MAN A22,SD
SMB1304C,MAN A22,SD
SMB1450M,MAN A22,SD
SMB3108P,MAN A22,SD
SMB1499Z,MAN A22,SD
SMB1504S,MAN A22,SD
SMB3122Y,MAN A22,SD
SMB1318M,MAN A22,SD
SMB1392Y,MAN A22,SD
SMB1354H,MAN A22,SD
SMB1635Y,MAN A22,SD
SMB3130Z,MAN A22,SD
SMB1550H,MAN A22,SD
SG1780M,MAN A22,SD
SMB1422U,MAN A22,SD
SMB1577G,MAN A22,SD
SMB1344L,MAN A22,SD
SMB1617A,MAN A22,SD
SMB347K,MAN A22,SD
SMB3129D,MAN A22,SD
SMB315C,MAN A22,SD
SMB1385T,MAN A22,SD
SMB1383Z,MAN A22,SD
SMB1609Z,MAN A22,SD
SMB3131X,MAN A22,SD
SMB342Z,MAN A22,SD
SMB1566M,MAN A22,SD
SMB284H,MAN A22,SD
SMB299R,MAN A22,SD
SMB1435H,MAN A22,SD
SMB1428D,MAN A22,SD
SMB1404Y,MAN A22,SD
SMB1352M,MAN A22,SD
SMB1535C,MAN A22,SD
SMB1454C,MAN A22,SD
SMB264R,MAN A22,SD
SMB3090E,MAN A22,SD
SMB352U,MAN A22,SD
SMB285E,MAN A22,SD
SMB1632E,MAN A22,SD
SMB233E,MAN A22,SD
SMB1384X,MAN A22,SD
SMB1342S,MAN A22,SD
SMB327T,MAN A22,SD
SMB1507J,MAN A22,SD
SG1733A,MAN A22,SD
SMB1455A,MAN A22,SD
SMB1556S,MAN A22,SD
SMB1395P,MAN A22,SD
SMB1618Y,MAN A22,SD
SMB3126L,MAN A22,SD
SMB1553A,MAN A22,SD
SMB246T,MAN A22,SD
SMB247R,MAN A22,SD
SMB1612M,MAN A22,SD
SMB1615E,MAN A22,SD
SMB258J,MAN A22,SD
SMB1552C,MAN A22,SD
SMB3119H,MAN A22,SD
SMB1309P,MAN A22,SD
SMB344T,MAN A22,SD
SMB1373C,MAN A22,SD
SMB1647M,MAN A22,SD
SMB1508G,MAN A22,SD
SMB1642B,MAN A22,SD
SMB1340Y,MAN A22,SD
SMB1343P,MAN A22,SD
SMB1637S,MAN A22,SD
SMB3160L,MAN A22,SD
SMB1431T,MAN A22,SD
SMB348H,MAN A22,SD
SMB296Z,MAN A22,SD
SMB1511X,MAN A22,SD
SMB1477L,MAN A22,SD
SMB1355E,MAN A22,SD
SMB1606G,MAN A22,SD
SMB1547T,MAN A22,SD
SMB216E,MAN A22,SD
SMB1307U,MAN A22,SD
SMB237U,MAN A22,SD
SMB251C,MAN A22,SD
SMB1555U,MAN A22,SD
SMB262X,MAN A22,SD
SMB1353K,MAN A22,SD
SMB293G,MAN A22,SD
SMB1313B,MAN A22,SD
SMB1622J,MAN A22,SD
SMB329M,MAN A22,SD
SMB1525G,MAN A22,SD
SMB260B,MAN A22,SD
SMB1638P,MAN A22,SD
SMB243B,MAN A22,SD
SMB1600Y,MAN A22,SD
SMB1631H,MAN A22,SD
SMB1510Z,MAN A22,SD
SMB336S,MAN A22,SD
SMB1314Z,MAN A22,SD
SMB1399D,MAN A22,SD
SMB318U,MAN A22,SD
SMB1359U,MAN A22,SD
SMB1437C,MAN A22,SD
SMB1323Y,MAN A22,SD
SMB1591P,MAN A22,SD
SMB322G,MAN A22,SD
SMB3148Z,MAN A22,SD
SMB244Z,MAN A22,SD
SMB1308S,MAN A22,SD
SMB326X,MAN A22,SD
SMB245X,MAN A22,SD
SMB1411B,MAN A22,SD
SMB1459P,MAN A22,SD
SMB1457U,MAN A22,SD
SMB1405U,MAN A22,SD
SMB1416M,MAN A22,SD
SMB1370K,MAN A22,SD
SMB3101H,MAN A22,SD
SMB1374A,MAN A22,SD
SMB1394S,MAN A22,SD
SMB1574P,MAN A22,SD
SMB1585H,MAN A22,SD
SMB1446B,MAN A22,SD
SMB1393U,MAN A22,SD
SMB256P,MAN A22,SD
SMB1509D,MAN A22,SD
SMB1378P,MAN A22,SD
SMB1324U,MAN A22,SD
SMB1380G,MAN A22,SD
SMB1376U,MAN A22,SD
SMB311M,MAN A22,SD
SMB1627X,MAN A22,SD
SMB1350T,MAN A22,SD
SMB1305A,MAN A22,SD
SMB1613K,MAN A22,SD
SMB267H,MAN A22,SD
SMB1614H,MAN A22,SD
SMB1520U,MAN A22,SD
SMB1476P,MAN A22,SD
SMB3132T,MAN A22,SD
SMB283K,MAN A22,SD
SMB1554Y,MAN A22,SD
SMB1388K,MAN A22,SD
SMB268E,MAN A22,SD
SMB1571Y,MAN A22,SD
SMB278B,MAN A22,SD
SMB3121A,MAN A22,SD
SG1749E,MAN A22,SD
SMB1402C,MAN A22,SD
SMB337P,MAN A22,SD
SMB3135K,MAN A22,SD
SMB1611R,MAN A22,SD
SMB1315X,MAN A22,SD
SMB1524J,MAN A22,SD
SMB340D,MAN A22,SD
SMB195G,MAN A22,SD
SMB3162G,MAN A22,SD
SMB1649H,MAN A22,SD
SMB1518C,MAN A22,SD
SMB1371H,MAN A22,SD
SMB1486K,MAN A22,SD
SMB1626Z,MAN A22,SD
SMB3120C,MAN A22,SD
SMB1580X,MAN A22,SD
SMB272S,MAN A22,SD
SMB1306Y,MAN A22,SD
SMB286C,MAN A22,SD
SMB1548R,MAN A22,SD
SMB1425L,MAN A22,SD
SG1739J,MAN A22,SD
SMB1462D,MAN A22,SD
SMB1500C,MAN A22,SD
SMB274L,MAN A22,SD
SMB287A,MAN A22,SD
SG1778X,MAN A22,SD
SMB3128G,MAN A22,SD
SMB334Y,MAN A22,SD
SMB249K,MAN A22,SD
SMB261Z,MAN A22,SD
SMB345R,MAN A22,SD
SMB1549M,MAN A22,SD
SMB1619U,MAN A22,SD
SMB319S,MAN A22,SD
SMB1530R,MAN A22,SD
SMB314E,MAN A22,SD
SMB1616C,MAN A22,SD
SMB1576J,MAN A22,SD
SMB1387M,MAN A22,SD
SMB241G,MAN A22,SD
SMB1452H,MAN A22,SD
SMB1441P,MAN A22,SD
SMB1481Z,MAN A22,SD
SMB1398G,MAN A22,SD
SMB1320E,MAN A22,SD
SMB1390C,MAN A22,SD
SMB351Y,MAN A22,SD
SMB3127J,MAN A22,SD
SMB1466T,MAN A22,SD
SG1731E,MAN A22,SD
SMB1551E,MAN A22,SD
SMB1386R,MAN A22,SD
SMB1317R,MAN A22,SD
SMB3161J,MAN A22,SD
SMB333A,MAN A22,SD
SMB1498B,MAN A22,SD
SMB259G,MAN A22,SD
SMB1599T,MAN A22,SD
SMB263T,MAN A22,SD
SMB1601U,MAN A22,SD
SMB1345J,MAN A22,SD
SMB1570A,MAN A22,SD
SG1732C,MAN A22,SD
SMB1502Y,MAN A22,SD
SMB1633C,MAN A22,SD
SMB346M,MAN A22,SD
SMB265M,MAN A22,SD
SMB338L,MAN A22,SD
SMB1461G,MAN A22,SD
SMB1377S,MAN A22,SD
SMB1480B,MAN A22,SD
SMB254U,MAN A22,SD
SMB1648K,MAN A22,SD
SMB248M,MAN A22,SD
SMB1474U,MAN A22,SD
SMB339J,MAN A22,SD
SMB1451K,MAN A22,SD
SMB1582R,MAN A22,SD
SMB350A,MAN A22,SD
SMB1465X,MAN A22,SD
SMB234C,MAN A22,SD
SMB276G,MAN A22,SD
SMB1579B,MAN A22,SD
SMB213M,MAN A22,SD
SMB275J,MAN A22,SD
SMB300U,MAN A22,SD
SMB3099G,MAN A22,SD
SMB1592L,MAN A22,SD
SMB1537Y,MAN A22,SD
SMB1449T,MAN A22,SD
SMB279Z,MAN A22,SD
SMB1487H,MAN A22,SD
SMB1403A,MAN A22,SD
SMB1469K,MAN A22,SD
SMB1572U,MAN A22,SD
SMB1447Z,MAN A22,SD
SMB1564T,MAN A22,SD
SMB277D,MAN A22,SD
SMB320L,MAN A22,SD
SMB1588A,MAN A22,SD
SMB1467R,MAN A22,SD
SMB1597Z,MAN A22,SD
SMB1546X,MAN A22,SD
SMB273P,MAN A22,SD
SMB1482X,MAN A22,SD
SMB192P,MAN A22,SD
SMB1516H,MAN A22,SD
SMB1643Z,MAN A22,SD
SMB1453E,MAN A22,SD
SMB1569E,MAN A22,SD
SMB1489C,MAN A22,SD
SMB297X,MAN A22,SD
SMB191S,MAN A22,SD
SMB1406S,MAN A22,SD
SMB1321C,MAN A22,SD
SMB1470E,MAN A22,SD
SMB1375Y,MAN A22,SD
SMB316A,MAN A22,SD
SMB1623G,MAN A22,SD
SMB199X,MAN A22,SD
SMB1641D,MAN A22,SD
SMB3133R,MAN A22,SD
SMB1396L,MAN A22,SD
SMB270Y,MAN A22,SD
SMB1587C,MAN A22,SD
SMB1593J,MAN A22,SD
SMB1602S,MAN A22,SD
SMB321J,MAN A22,SD
SMB328R,MAN A22,SD
SMB3145G,MAN A22,SD
SMB1472A,MAN A22,SD
SMB1595D,MAN A22,SD
SMB1559J,MAN A22,SD
SMB1536A,MAN A22,SD
SMB239P,MAN A22,SD
SMB1439Y,MAN A22,SD
SMB3143L,MAN A22,SD
SMB1468M,MAN A22,SD
SMB292J,MAN A22,SD
SMB1539S,MAN A22,SD
SMB1456Y,MAN A22,SD
SMB1624D,MAN A22,SD
SMB1630K,MAN A22,SD
SMB1497D,MAN A22,SD
SMB1328J,MAN A22,SD
SMB1512T,MAN A22,SD
SMB1629R,MAN A22,SD
SMB1458S,MAN A22,SD
SMB220S,MAN A22,SD
SMB295B,MAN A22,SD
SMB1604L,MAN A22,SD
SMB1534E,MAN A22,SD
SMB189A,MAN A22,SD
SMB1316T,MAN A22,SD
SMB235A,MAN A22,SD
SMB1372E,MAN A22,SD
SMB1575L,MAN A22,SD
SMB1501A,MAN A22,SD
SMB1438A,MAN A22,SD
SMB1514M,MAN A22,SD
SMB1578D,MAN A22,SD
SMB1493P,MAN A22,SD
SMB1598X,MAN A22,SD
SMB1639L,MAN A22,SD
SMB1311G,MAN A22,SD
SMB1389H,MAN A22,SD
SMB221P,MAN A22,SD
SMB1650C,MAN A22,SD
SMB289U,MAN A22,SD
SMB211T,MAN A22,SD
SMB271U,MAN A22,SD
SMB290P,MAN A22,SD
SMB1303E,MAN A22,SD
SMB1312D,MAN A22,SD
SMB1420A,MAN A22,SD
SMB1594G,MAN A22,SD
SMB1605J,MAN A22,SD
SMB310R,MAN A22,SD
SMB1646R,MAN A22,SD
SMB1442L,MAN A22,SD
SMB1621L,MAN A22,SD
SMB1491U,MAN A22,SD
SMB1620P,MAN A22,SD
SMB1409J,MAN A22,SD
SMB1410D,MAN A22,SD
SMB1407P,MAN A22,SD
SMB1485M,MAN A22,SD
SMB1463B,MAN A22,SD
SMB294D,MAN A22,SD
SMB1586E,MAN A22,SD
SMB255S,MAN A22,SD
SMB1573S,MAN A22,SD
SMB1400H,MAN A22,SD
SMB1634A,MAN A22,SD
SMB309X,MAN A22,SD
SMB1418H,MAN A22,SD
SMB1596B,MAN A22,SD
SMB313H,MAN A22,SD
SMB1327L,MAN A22,SD
SMB1443J,MAN A22,SD
SMB1645T,MAN A22,SD
SMB298T,MAN A22,SD
SMB194J,MAN A22,SD
SMB193L,MAN A22,SD
SMB1513R,MAN A22,SD
SMB349E,MAN A22,SD
SMB1427G,MAN A22,SD
SMB1436E,MAN A22,SD
SMB1382B,MAN A22,SD
SMB236Y,MAN A22,SD
SMB1464Z,MAN A22,SD
SMB1584K,MAN A22,SD
SMB1625B,MAN A22,SD
SMB306D,MAN A22,SD
SMB1471C,MAN A22,SD
SMB323D,MAN A22,SD
SMB1607D,MAN A22,SD
SMB1319K,MAN A22,SD
SMB1581T,MAN A22,SD
SMB1545Z,MAN A22,SD
SMB288Y,MAN A22,SD
SMB1519A,MAN A22,SD
SMB1521S,MAN A22,SD
SMB1369R,MAN A22,SD
SMB1636U,MAN A22,SD
SMB1432R,MAN A22,SD
SMB1640G,MAN A22,SD
SMB291L,MAN A22,SD
SMB1563X,MAN A22,SD
SMB1603P,MAN A22,SD
SMB1644X,MAN A22,SD
SMB325Z,MAN A22,SD
SMB1417K,MAN A22,SD
SMB1610T,MAN A22,SD
SMB1496G,MAN A22,SD
SMB343X,MAN A22,SD
SMB312K,MAN A22,SD
SMB1408L,MAN A22,SD
SMB238S,MAN A22,SD
SMB1557P,MAN A22,SD
SMB1397J,MAN A22,SD
SMB1445D,MAN A22,SD
SMB1341U,MAN A22,SD
SMB1475S,MAN A22,SD
SMB1460J,MAN A22,SD
SMB1473Y,MAN A22,SD
SMB190U,MAN A22,SD
SMB242D,MAN A22,SD
SMB1351R,MAN A22,SD
SMB1322A,MAN A22,SD
SMB1401E,MAN A22,SD
SMB240J,MAN A22,SD
SMB324B,MAN A22,SD
SMB1433M,MAN A22,SD
SMB14X,MBOC500,SD
SMB4A,MBOC500,SD
SMB21A,MBOC500,SD
SMB2E,MBOC500,SD
SMB81B,MBOC500,SD
SMB1H,MBOC500,SD
SMB13Z,MBOC500,SD
SMB103Y,MBOC500,SD
SMB37E,MBOC500,SD
SMB5Y,MBOC500,SD
SMB85R,MBOC500,SD
SMB80D,MBOC500,SD
SMB111Z,MBOC500,SD
SMB86M,MBOC500,SD
SMB6U,MBOC500,SD
SMB39A,MBOC500,SD
SMB124L,MBOC500,SD
SMB66X,MBOC500,SD
SMB65Z,MBOC500,SD
SMB99B,MBOC500,SD
SMB90A,MBOC500,SD
SMB69M,MBOC500,SD
SMB115M,MBOC500,SD
SMB88H,MBOC500,SD
SMB28G,MBOC500,SD
SMB53H,MBOC500,SD
SMB127D,MBOC500,SD
SMB15T,MBOC500,SD
SMB36H,MBOC500,SD
SMB74Y,MBOC500,SD
SMB40U,MBOC500,SD
SMB91Y,MBOC500,SD
SMB71E,MBOC500,SD
SMB114R,MBOC500,SD
SMB54E,MBOC500,SD
SMB123P,MBOC500,SD
SMB87K,MBOC500,SD
SMB104U,MBOC500,SD
SMB84T,MBOC500,SD
SMB67T,MBOC500,SD
SMB30Z,MBOC500,SD
SMB116K,MBOC500,SD
SMB98D,MBOC500,SD
SMB121U,MBOC500,SD
SMB68R,MBOC500,SD
SMB117H,MBOC500,SD
SMB75U,MBOC500,SD
SMB89E,MBOC500,SD
SMB134H,MBOC500,SD
SMB107L,MBOC500,SD
SMB55C,MBOC500,SD
SMB108J,MBOC500,SD
SMB12B,MBOC500,SD
SMB11D,MBOC500,SD
SMB125J,MBOC500,SD
SMB70H,MBOC500,SD
SMB112X,MBOC500,SD
SMB42P,MBOC500,SD
SMB133K,MBOC500,SD
SMB73A,MBOC500,SD
SMB76S,MBOC500,SD
SMB109G,MBOC500,SD
SMB92U,MBOC500,SD
SMB57Y,MBOC500,SD
SMB38C,MBOC500,SD
SMB16R,MBOC500,SD
SMB72C,MBOC500,SD
SMB83X,MBOC500,SD
SMB122S,MBOC500,SD
SMB17M,MBOC500,SD
SMB59S,MBOC500,SD
SMB110B,MBOC500,SD
SMB126G,MBOC500,SD
SMB22Y,MBOC500,SD
SMB19H,MBOC500,SD
SMB82Z,MBOC500,SD
SMB79J,MBOC500,SD
SMB41S,MBOC500,SD
SMB105S,MBOC500,SD
SMB77P,MBOC500,SD
SMB119C,MBOC500,SD
SMB31X,MBOC500,SD
SMB128B,MBOC500,SD
SMB58U,MBOC500,SD
SMB18K,MBOC500,SD
SMB56A,MBOC500,SD
SG3305P,BYD BC12A04,SD
SG3328Z,BYD BC12A04,SD
SG3327B,BYD BC12A04,SD
SG3324J,BYD BC12A04,SD
SG3290Y,BYD BC12A04,SD
SG3300C,BYD BC12A04,SD
SG3337Y,BYD BC12A04,SD
SG3317E,BYD BC12A04,SD
SG3335C,BYD BC12A04,SD
SG3333H,BYD BC12A04,SD
SG3294L,BYD BC12A04,SD
SG3330R,BYD BC12A04,SD
SG3320U,BYD BC12A04,SD
SG3340L,BYD BC12A04,SD
SG3341J,BYD BC12A04,SD
SG3313R,BYD BC12A04,SD
SG3325G,BYD BC12A04,SD
SG3339S,BYD BC12A04,SD
SG3299Z,BYD BC12A04,SD
SG3319A,BYD BC12A04,SD
SG3295J,BYD BC12A04,SD
SG3329X,BYD BC12A04,SD
SG3316H,BYD BC12A04,SD
SG3314M,BYD BC12A04,SD
SG3276P,BYD BC12A04,SD
SG3322P,BYD BC12A04,SD
SG3291U,BYD BC12A04,SD
SG3237C,BYD BC12A04,SD
SG3336A,BYD BC12A04,SD
SG3323L,BYD BC12A04,SD
SG3338U,BYD BC12A04,SD
SG3334E,BYD BC12A04,SD
SG3312T,BYD BC12A04,SD
SG3306L,BYD BC12A04,SD
SG3332K,BYD BC12A04,SD
SG3307J,BYD BC12A04,SD
SG3270E,BYD BC12A04,SD
SG3309D,BYD BC12A04,SD
SG3292S,BYD BC12A04,SD
SG3301A,BYD BC12A04,SD
SG3302Y,BYD BC12A04,SD
SG3311X,BYD BC12A04,SD
SG3259P,BYD BC12A04,SD
SG3318C,BYD BC12A04,SD
SG3308G,BYD BC12A04,SD
SG3326D,BYD BC12A04,SD
SG3275S,BYD BC12A04,SD
SG3288E,BYD BC12A04,SD
SG3298B,BYD BC12A04,SD
SG3258S,BYD BC12A04,SD
SG3303U,BYD BC12A04,SD
SG3269K,BYD BC12A04,SD
SG3331M,BYD BC12A04,SD
SG3310Z,BYD BC12A04,SD
SG3321S,BYD BC12A04,SD
SG3268M,BYD BC12A04,SD
SG3297D,BYD BC12A04,SD
SG3265X,BYD BC12A04,SD
SG3262D,BYD BC12A04,SD
SG3304S,BYD BC12A04,SD
SG3315K,BYD BC12A04,SD
SG3296G,BYD BC12A04,SD
SG3255A,BYD BC12A04,SD
SG3271C,BYD BC12A04,SD
SG3272A,BYD BC12A04,SD
SG3256Y,BYD BC12A04,SD
SG3260J,BYD BC12A04,SD
SG3274U,BYD BC12A04,SD
SG3267R,BYD BC12A04,SD
SG3273Y,BYD BC12A04,SD
SG3263B,BYD BC12A04,SD
SG3254C,BYD BC12A04,SD
SG3264Z,BYD BC12A04,SD
SG3257U,BYD BC12A04,SD
SG3252H,BYD BC12A04,SD
SG3251K,BYD BC12A04,SD
SG3293P,BYD BC12A04,SD
SG3250M,BYD BC12A04,SD
SG3253E,BYD BC12A04,SD
SG3289C,BYD BC12A04,SD
SG3261G,BYD BC12A04,SD
SG3266T,BYD BC12A04,SD
SMB167M,MBO530,SD
SG1804D,MAN A22 EU6,SD
SG1802J,MAN A22 EU6,SD
SG3492G,LCK6126EVG ZHONGTONG,SD
SG1806Z,MAN A22 EU6,SD
SG3007A,VOLVO B5LH,SD
SG3503J,LCK6126EVG ZHONGTONG,SD
SG3506B,LCK6126EVG ZHONGTONG,SD
SG3083D,LINKKER LM312,SD
SG3495Z,LCK6126EVG ZHONGTONG,SD
SG3500S,LCK6126EVG ZHONGTONG,SD
SG3491J,LCK6126EVG ZHONGTONG,SD
SG3505D,LCK6126EVG ZHONGTONG,SD
SG3100M,MAN A22 e,SD
SG3498R,LCK6126EVG ZHONGTONG,SD
SG3013G,VOLVO B5LH,SD
SG3497T,LCK6126EVG ZHONGTONG,SD
SG3493D,LCK6126EVG ZHONGTONG,SD
SG3504G,LCK6126EVG ZHONGTONG,SD
SG3012J,VOLVO B5LH,SD
SG3489S,LCK6126EVG ZHONGTONG,SD
SG3512H,LCK6126EVG ZHONGTONG,SD
SG3511K,LCK6126EVG ZHONGTONG,SD
SMB166R,MBO530,SD
SG3490L,LCK6126EVG ZHONGTONG,SD
SG3501P,LCK6126EVG ZHONGTONG,SD
SG3009U,VOLVO B5LH,SD
SG3510M,LCK6126EVG ZHONGTONG,SD
SG3015B,VOLVO B5LH,SD
SG3076A,LINKKER LM312,SD
SMB136C,MBO530,SD
SG3514C,LCK6126EVG ZHONGTONG,SD
SG3096S,YUTONG eZK6128BEVG,SD
SG3496X,LCK6126EVG ZHONGTONG,SD
SG3098L,YUTONG eZK6128BEVG,SD
SG3508X,LCK6126EVG ZHONGTONG,SD
SG3507Z,LCK6126EVG ZHONGTONG,SD
SG3513E,LCK6126EVG ZHONGTONG,SD
SG1801L,MAN A22 EU6,SD
SG3502L,LCK6126EVG ZHONGTONG,SD
SG3010P,VOLVO B5LH,SD
SG3499M,LCK6126EVG ZHONGTONG,SD
SMB145B,MBO530,SD
SMB184M,MBO530,SD
SG1783E,MAN A22 EU6,SD
SG3488U,LCK6126EVG ZHONGTONG,SD
SG3011L,VOLVO B5LH,SD
SMB148T,MBO530,SD
SBS6032U,CITARO O530,SD
SMB170C,MBO530,SD
SG3025Y,VOLVO B5LH,SD
SMB169H,MBO530,SD
SG1776B,MAN A22 EU6,SD
SG1791G,MAN A22 EU6,SD
SG3458G,LCK6126EVG ZHONGTONG,SD
SG1803G,MAN A22 EU6,SD
SG3509T,LCK6126EVG ZHONGTONG,SD
SG3494B,LCK6126EVG ZHONGTONG,SD
SG3085Z,LINKKER LM312,SD
SMB141L,MBO530,SD
SG3084B,LINKKER LM312,SD
SG3097P,YUTONG eZK6128BEVG,SD
SG1805B,MAN A22 EU6,SD
SMB158P,MBO530,SD
SG3467E,LCK6126EVG ZHONGTONG,SD
SG1697X,MBO530,SD
SG1753S,MAN A22 EU6,SD
SG3460Z,LCK6126EVG ZHONGTONG,SD
SG1769Y,MAN A22 EU6,SD
SG3086X,LINKKER LM312,SD
SG3461X,LCK6126EVG ZHONGTONG,SD
SG1790J,MAN A22 EU6,SD
SG3464M,LCK6126EVG ZHONGTONG,SD
SG3459D,LCK6126EVG ZHONGTONG,SD
SG3087T,LINKKER LM312,SD
SG3073H,LINKKER LM312,SD
SBS8955T,KUB4X2 9.3L A/T ABS TURBO,SD
SG3077Y,LINKKER LM312,SD
SMB159L,MBO530,SD
SG1799K,MAN A22 EU6,SD
SG3470U,LCK6126EVG ZHONGTONG,SD
SBS8771G,KUB4X2 9.3L A/T ABS TURBO,SD
SG3457J,LCK6126EVG ZHONGTONG,SD
SG1789P,MAN A22 EU6,SD
SG1786Y,MAN A22 EU6,SD
SG1793B,MAN A22 EU6,SD
SBS8988Z,KUB4X2 9.3L A/T ABS TURBO,SD
SG1782H,MAN A22 EU6,SD
SG3074E,LINKKER LM312,SD
SG1807X,MAN A22 EU6,SD
SG1758D,MAN A22 EU6,SD
SG1872G,MAN A22 EU6,SD
SG3456L,LCK6126EVG ZHONGTONG,SD
SG1785A,MAN A22 EU6,SD
SG1768A,MAN A22 EU6,SD
SG3465K,LCK6126EVG ZHONGTONG,SD
SBS8987B,KUB4X2 9.3L A/T ABS TURBO,SD
SG1759B,MAN A22 EU6,SD
SG3075C,LINKKER LM312,SD
SG1788S,MAN A22 EU6,SD
SG3468C,LCK6126EVG ZHONGTONG,SD
SG3466H,LCK6126EVG ZHONGTONG,SD
SBS8986D,KUB4X2 9.3L A/T ABS TURBO,SD
SG3475G,LCK6126EVG ZHONGTONG,SD
SG3486A,LCK6126EVG ZHONGTONG,SD
SBS8945Y,KUB4X2 9.3L A/T ABS TURBO,SD
SBS8991M,KUB4X2 9.3L A/T ABS TURBO,SD
SG3474J,LCK6126EVG ZHONGTONG,SD
SBS8930P,SCANIA KUB,SD
SMB151H,MBO530,SD
SG3463R,LCK6126EVG ZHONGTONG,SD
SG1787U,MAN A22 EU6,SD
SMB188C,MBO530,SD
SG3469A,LCK6126EVG ZHONGTONG,SD
SG1813C,MAN A22 EU6,SD
SG3485C,LCK6126EVG ZHONGTONG,SD
SBS8716S,KUB4X2 9.3L A/T ABS TURBO,SD
SG3472P,LCK6126EVG ZHONGTONG,SD
SG1699R,MBO530,SD
SBS8628M,SCANIA KUB,SD
SBS8738D,KUB4X2 9.3L A/T ABS TURBO,SD
SG3487Y,LCK6126EVG ZHONGTONG,SD
SBS8956R,KUB4X2 9.3L A/T ABS TURBO,SD
SBS8623B,KUB4X2 9.3L A/T ABS TURBO,SD
SBS8356Y,KUB4X2 8.9 AUTO ABS TURBO 2WD,SD
SBS6103Z,CITARO O530,SD
SBS8946U,KUB4X2 9.3L A/T ABS TURBO,SD
SG1800P,MAN A22 EU6,SD
SG3473L,LCK6126EVG ZHONGTONG,SD
SBS5016Z,KUB4X2 9.3L A/T ABS TURBO,SD
SBS8044Y,KUB4X2,SD
SBS6220T,CITARO O530,SD
SG3476D,LCK6126EVG ZHONGTONG,SD
SG3484E,LCK6126EVG ZHONGTONG,SD
SMB142J,MBO530,SD
SBS6081C,CITARO O530,SD
SBS8699H,SCANIA KUB,SD
SBS6646Z,CITARO O530,SD
SBS6108K,CITARO O530,SD
SBS5137H,KUB4X2 9.3L A/T ABS TURBO,SD
SBS6210Y,CITARO O530 6.4L AT TURBO ABS,SD
SMB140P,MBO530,SD
SBS6030A,CITARO O530,SD
SBS6074Z,CITARO O530,SD
SBS6696D,CITARO O530,SD
SBS6073B,CITARO O530 6.4L AT TURBO ABS,SD
SMB179D,MBO530,SD
SMB156U,MBO530,SD
SBS6105T,CITARO O530,SD
SBS6031Y,CITARO O530,SD
SBS6027K,CITARO O530,SD
SMB173U,MBO530,SD
SMB165T,MBO530,SD
SMB144D,MBO530,SD
SMB161D,MBO530,SD
SMB157S,MBO530,SD
SMB150K,MBO530,SD
SBS6106R,CITARO O530,SD
SMB183R,MBO530,SD
SMB185K,MBO530,SD
SMB168K,MBO530,SD
SG1696Z,MBO530,SD
SBS6691S,CITARO O530,SD
SBS6235B,CITARO O530 6.4L AT TURBO ABS,SD
SBS6722L,CITARO O530 6.4L AT TURBO ABS,SD
SG1693G,MBO530,SD
SMB163Z,MBO530,SD
SMB155Y,MBO530,SD
SMB160G,MBO530,SD
SMB182T,MBO530,SD
SMB139U,MBO530,SD
SBS6695G,CITARO O530,SD
SMB162B,MBO530,SD
SMB147X,MBO530,SD
SMB146Z,MBO530,SD
SMB175P,MBO530,SD
SMB172Y,MBO530,SD
SMB149R,MBO530,SD
SG3462T,LCK6126EVG ZHONGTONG,SD
SMB187E,MBO530,SD
SBS6708D,CITARO O530 6.4L AT TURBO ABS,SD
SMB171A,MBO530,SD
SBS6102B,CITARO O530,SD
SMB152E,MBO530,SD
SMB164X,MBO530,SD
SMB178G,MBO530,SD
SG1698T,MBO530,SD
SMB177J,MBO530,SD
SMB143G,MBO530,SD
SMB181X,MBO530,SD
SMB174S,MBO530,SD
SMB154A,MBO530,SD
SMB186H,MBO530,SD
SBS6195H,CITARO O530,SD
SBS6006X,CITARO O530 6.4L AT TURBO ABS,SD
SBS6017P,CITARO O530 6.4L AT TURBO ABS,SD
SG1694D,MBO530,SD
SBS8942E,KUB4X2 9.3L A/T ABS TURBO,SD
SMB176L,MBO530,SD
SG3471S,LCK6126EVG ZHONGTONG,SD
SMB153C,MBO530,SD
SMB180Z,MBO530,SD
SG5827L,MAN A95,Double Decker
SG7000S,YUTONG / ZK6125BEVGS,Double Decker
SG5806Y,MAN A95,Double Decker
SG5828J,MAN A95,Double Decker
SG5765G,MAN A95,Double Decker
SG5818M,MAN A95,Double Decker
SG7002L,YUTONG / ZK6125BEVGS,Double Decker
SG5823Y,MAN A95,Double Decker
SG5759A,MAN A95,Double Decker
SG5863G,MAN A95,Double Decker
SG5809P,MAN A95,Double Decker
SG5800M,MAN A95,Double Decker
SG5816T,MAN A95,Double Decker
SG7001P,YUTONG / ZK6125BEVGS,Double Decker
SG5833T,MAN A95,Double Decker
SG5745P,MAN A95,Double Decker
SG5760U,MAN A95,Double Decker
SMB5890A,MAN A95,Double Decker
SG5817R,MAN A95,Double Decker
SG5834R,MAN A95,Double Decker
SG5768Z,MAN A95,Double Decker
SG5888K,MAN A95,Double Decker
SG5772K,MAN A95,Double Decker
SG5803E,MAN A95,Double Decker
SG5804C,MAN A95,Double Decker
SG5885T,MAN A95,Double Decker
SMB5889E,MAN A95,Double Decker
SG5807U,MAN A95,Double Decker
SG5810J,MAN A95,Double Decker
SG5796S,MAN A95,Double Decker
SG5813B,MAN A95,Double Decker
SG5770R,MAN A95,Double Decker
SG5767B,MAN A95,Double Decker
SG5755K,MAN A95,Double Decker
SG5779S,MAN A95,Double Decker
SG5824U,MAN A95,Double Decker
SG5775C,MAN A95,Double Decker
SG5874A,MAN A95,Double Decker
SG5887M,MAN A95,Double Decker
SG5769X,MAN A95,Double Decker
SG5778U,MAN A95,Double Decker
SG5814Z,MAN A95,Double Decker
SG5871H,MAN A95,Double Decker
SG5829G,MAN A95,Double Decker
SG5780L,MAN A95,Double Decker
SG5776A,MAN A95,Double Decker
SG5819K,MAN A95,Double Decker
SG5771M,MAN A95,Double Decker
SG5812D,MAN A95,Double Decker
SG5808S,MAN A95,Double Decker
SG5826P,MAN A95,Double Decker
SG5774E,MAN A95,Double Decker
SG5811G,MAN A95,Double Decker
SG5781J,MAN A95,Double Decker
SG5801K,MAN A95,Double Decker
SG5756H,MAN A95,Double Decker
SG5825S,MAN A95,Double Decker
SG5873C,MAN A95,Double Decker
SG5802H,MAN A95,Double Decker
SG5815X,MAN A95,Double Decker
SG5782G,MAN A95,Double Decker
SG5773H,MAN A95,Double Decker
SG6107A,MAN A95 EU6,Double Decker
SG6048L,MAN A95 EU6,Double Decker
SG6150Z,MAN A95 EU6,Double Decker
SG6137M,MAN A95 EU6,Double Decker
SG5929B,MAN A95 EU6,Double Decker
SG5985M,MAN A95 EU6,Double Decker
SG6040H,MAN A95 EU6,Double Decker
SG5945D,MAN A95 EU6,Double Decker
SG6010U,MAN A95 EU6,Double Decker
SG5976P,MAN A95 EU6,Double Decker
SG6015G,MAN A95 EU6,Double Decker
SG6125Y,MAN A95 EU6,Double Decker
SG6128P,MAN A95 EU6,Double Decker
SG6016D,MAN A95 EU6,Double Decker
SG5928D,MAN A95 EU6,Double Decker
SG6028U,MAN A95 EU6,Double Decker
SG6072R,MAN A95 EU6,Double Decker
SG6121H,MAN A95 EU6,Double Decker
SG6151X,MAN A95 EU6,Double Decker
SG6108Y,MAN A95 EU6,Double Decker
SG5944G,MAN A95 EU6,Double Decker
SG6035Z,MAN A95 EU6,Double Decker
SG5981Z,MAN A95 EU6,Double Decker
SG6017B,MAN A95 EU6,Double Decker
SG6243P,MAN A95 EU6,Double Decker
SG5961G,MAN A95 EU6,Double Decker
SG6141A,MAN A95 EU6,Double Decker
SG6009A,MAN A95 EU6,Double Decker
SG6122E,MAN A95 EU6,Double Decker
SG6008C,MAN A95 EU6,Double Decker
SG6051B,MAN A95 EU6,Double Decker
SG6110P,MAN A95 EU6,Double Decker
SG6030L,MAN A95 EU6,Double Decker
SG6140C,MAN A95 EU6,Double Decker
SG6242S,MAN A95 EU6,Double Decker
SG6120K,MAN A95 EU6,Double Decker
SG6007E,MAN A95 EU6,Double Decker
SG6131D,MAN A95 EU6,Double Decker
SG6130G,MAN A95 EU6,Double Decker
SG5969K,MAN A95 EU6,Double Decker
SG5949T,MAN A95 EU6,Double Decker
SG5950M,MAN A95 EU6,Double Decker
SG6144S,MAN A95 EU6,Double Decker
SG6036X,MAN A95 EU6,Double Decker
SG6244L,MAN A95 EU6,Double Decker
SG5983T,MAN A95 EU6,Double Decker
SG6111L,MAN A95 EU6,Double Decker
SG6014J,MAN A95 EU6,Double Decker
SG6115B,MAN A95 EU6,Double Decker
SG6039M,MAN A95 EU6,Double Decker
SG5951K,MAN A95 EU6,Double Decker
SG6068D,MAN A95 EU6,Double Decker
SG6116Z,MAN A95 EU6,Double Decker
SG6118T,MAN A95 EU6,Double Decker
SG5930X,MAN A95 EU6,Double Decker
SG5982X,MAN A95 EU6,Double Decker
SG5967R,MAN A95 EU6,Double Decker
SG6112J,MAN A95 EU6,Double Decker
SG5979G,MAN A95 EU6,Double Decker
SG5978J,MAN A95 EU6,Double Decker
SG5968M,MAN A95 EU6,Double Decker
SG6143U,MAN A95 EU6,Double Decker
SG5962D,MAN A95 EU6,Double Decker
SG6020R,MAN A95 EU6,Double Decker
SG6026A,MAN A95 EU6,Double Decker
SG5959P,MAN A95 EU6,Double Decker
SG6127S,MAN A95 EU6,Double Decker
SG5970E,MAN A95 EU6,Double Decker
SG5966T,MAN A95 EU6,Double Decker
SG6033D,MAN A95 EU6,Double Decker
SG6032G,MAN A95 EU6,Double Decker
SG6034B,MAN A95 EU6,Double Decker
SG6011S,MAN A95 EU6,Double Decker
SG6124A,MAN A95 EU6,Double Decker
SG5947Z,MAN A95 EU6,Double Decker
SG6129L,MAN A95 EU6,Double Decker
SG6117X,MAN A95 EU6,Double Decker
SG5927G,MAN A95 EU6,Double Decker
SG6025C,MAN A95 EU6,Double Decker
SG6139H,MAN A95 EU6,Double Decker
SG6038R,MAN A95 EU6,Double Decker
SG6114D,MAN A95 EU6,Double Decker
SG6126U,MAN A95 EU6,Double Decker
SG6021M,MAN A95 EU6,Double Decker
SG6142Y,MAN A95 EU6,Double Decker
SG6123C,MAN A95 EU6,Double Decker
SG5960J,MAN A95 EU6,Double Decker
SG5975S,MAN A95 EU6,Double Decker
SG6073M,MAN A95 EU6,Double Decker
SMB5028Z,ENVIRO500,Double Decker
SMB3547E,ENVIRO500,Double Decker
SMB3578R,ENVIRO500,Double Decker
SMB3602D,ENVIRO500,Double Decker
SMB5042G,ENVIRO500,Double Decker
SMB5055U,ENVIRO500,Double Decker
SMB3604Z,ENVIRO500,Double Decker
SMB5030R,ENVIRO500,Double Decker
SMB3600J,ENVIRO500,Double Decker
SMB5050H,ENVIRO500,Double Decker
SMB3607R,ENVIRO500,Double Decker
SMB3606T,ENVIRO500,Double Decker
SMB5003U,ENVIRO500,Double Decker
SMB5014M,ENVIRO500,Double Decker
SMB5019A,ENVIRO500,Double Decker
SMB3548C,ENVIRO500,Double Decker
SMB5051E,ENVIRO500,Double Decker
SMB3599E,ENVIRO500,Double Decker
SMB5077G,ENVIRO500,Double Decker
SMB5061B,ENVIRO500,Double Decker
SMB5001A,ENVIRO500,Double Decker
SMB3592Z,ENVIRO500,Double Decker
SMB3575Z,ENVIRO500,Double Decker
SMB3581E,ENVIRO500,Double Decker
SMB5016H,ENVIRO500,Double Decker
SMB5011X,ENVIRO500,Double Decker
SMB5059J,ENVIRO500,Double Decker
SMB5046X,ENVIRO500,Double Decker
SMB5056S,ENVIRO500,Double Decker
SMB3579M,ENVIRO500,Double Decker
SMB5005P,ENVIRO500,Double Decker
SMB3559X,ENVIRO500,Double Decker
SMB3544M,ENVIRO500,Double Decker
SMB5020U,ENVIRO500,Double Decker
SMB3605X,ENVIRO500,Double Decker
SMB5068H,ENVIRO500,Double Decker
SMB5031M,ENVIRO500,Double Decker
SMB5057P,ENVIRO500,Double Decker
SMB3601G,ENVIRO500,Double Decker
SMB5013R,ENVIRO500,Double Decker
SMB5025G,ENVIRO500,Double Decker
SMB5024J,ENVIRO500,Double Decker
SMB3545K,ENVIRO500,Double Decker
SMB3597K,ENVIRO500,Double Decker
SMB3587P,ENVIRO500,Double Decker
SG5707A,ENVIRO500,Double Decker
SMB3598H,ENVIRO500,Double Decker
SMB5015K,ENVIRO500,Double Decker
SMB3595R,ENVIRO500,Double Decker
SMB5008G,ENVIRO500,Double Decker
SMB5069E,ENVIRO500,Double Decker
SMB5032K,ENVIRO500,Double Decker
SG5700T,ENVIRO500,Double Decker
SMB5018C,ENVIRO500,Double Decker
SMB3616P,ENVIRO500,Double Decker
SMB3614U,ENVIRO500,Double Decker
SMB5023L,ENVIRO500,Double Decker
SMB3580H,ENVIRO500,Double Decker
SMB5053A,ENVIRO500,Double Decker
SMB3572G,ENVIRO500,Double Decker
SMB5033H,ENVIRO500,Double Decker
SMB3549A,ENVIRO500,Double Decker
SMB5041J,ENVIRO500,Double Decker
SMB3584Y,ENVIRO500,Double Decker
SMB5004S,ENVIRO500,Double Decker
SMB3615S,ENVIRO500,Double Decker
SMB3613Y,ENVIRO500,Double Decker
SMB5022P,ENVIRO500,Double Decker
SMB3576X,ENVIRO500,Double Decker
SMB5021S,ENVIRO500,Double Decker
SMB5006L,ENVIRO500,Double Decker
SMB5007J,ENVIRO500,Double Decker
SMB5010Z,ENVIRO500,Double Decker
SMB5040L,ENVIRO500,Double Decker
SMB3588L,ENVIRO500,Double Decker
SMB5026D,ENVIRO500,Double Decker
SMB5054Y,ENVIRO500,Double Decker
SG5708Y,ENVIRO500,Double Decker
SMB5017E,ENVIRO500,Double Decker
SMB5065R,ENVIRO500,Double Decker
SMB5066M,ENVIRO500,Double Decker
SMB5039S,ENVIRO500,Double Decker
SMB3583A,ENVIRO500,Double Decker
SG5701R,ENVIRO500,Double Decker
SMB3593X,ENVIRO500,Double Decker
SMB5047T,ENVIRO500,Double Decker
SG5714D,ENVIRO500,Double Decker
SMB3540Z,ENVIRO500,Double Decker
SMB5080X,ENVIRO500,Double Decker
SMB5048R,ENVIRO500,Double Decker
SMB3610E,ENVIRO500,Double Decker
SMB5037Y,ENVIRO500,Double Decker
SMB5052C,ENVIRO500,Double Decker
SMB5067K,ENVIRO500,Double Decker
SMB5029X,ENVIRO500,Double Decker
SMB3611C,ENVIRO500,Double Decker
SG5538X,B9TL,Double Decker
SG5576K,B9TL,Double Decker
SG5323Z,B9TL,Double Decker
SG5139P,B9TL,Double Decker
SG5531P,B9TL,Double Decker
SG5423T,B9TL,Double Decker
SG5422X,B9TL,Double Decker
SG5535D,B9TL,Double Decker
SG5153Y,B9TL,Double Decker
SG5429C,B9TL,Double Decker
SG5156P,B9TL,Double Decker
SG5586G,B9TL,Double Decker
SG5140J,B9TL,Double Decker
SG5421Z,B9TL,Double Decker
SG5426K,B9TL,Double Decker
SG5517G,B9TL,Double Decker
SG5029Z,B9TL,Double Decker
SG5154U,B9TL,Double Decker
SG5435J,B9TL,Double Decker
SG5352P,B9TL,Double Decker
SG5141G,B9TL,Double Decker
SG5138S,B9TL,Double Decker
SG5453G,B9TL,Double Decker
SG5450P,B9TL,Double Decker
SG5012X,B9TL,Double Decker
SG5175J,B9TL,Double Decker
SG5533J,B9TL,Double Decker
SG5578E,B9TL,Double Decker
SG5500D,B9TL,Double Decker
SG5436G,B9TL,Double Decker
SG5159G,B9TL,Double Decker
SG5155S,B9TL,Double Decker
SG5574R,B9TL,Double Decker
SG5599U,B9TL,Double Decker
SG5449U,B9TL,Double Decker
SG5597A,B9TL,Double Decker
SG5173P,B9TL,Double Decker
SG5163T,B9TL,Double Decker
SG5430Y,B9TL,Double Decker
SG5582S,B9TL,Double Decker
SG5598Y,B9TL,Double Decker
SG5519B,B9TL,Double Decker
SG5595E,B9TL,Double Decker
SG5492T,B9TL,Double Decker
SG5600Z,B9TL,Double Decker
SG5452J,B9TL,Double Decker
SG5579C,B9TL,Double Decker
SG5158J,B9TL,Double Decker
SG5587D,B9TL,Double Decker
SG5516J,B9TL,Double Decker
SG5581U,B9TL,Double Decker
SG5169C,B9TL,Double Decker
SG5419G,B9TL,Double Decker
SG5498C,B9TL,Double Decker
SG5431U,B9TL,Double Decker
SG5530S,B9TL,Double Decker
SG5585J,B9TL,Double Decker
SG5505R,B9TL,Double Decker
SG5497E,B9TL,Double Decker
SG5499A,B9TL,Double Decker
SG5528A,B9TL,Double Decker
SG5577H,B9TL,Double Decker
SG5504T,B9TL,Double Decker
SG5532L,B9TL,Double Decker
SG5529Y,B9TL,Double Decker
SG5433P,B9TL,Double Decker
SG5601X,B9TL,Double Decker
SG5580Y,B9TL,Double Decker
SG5424R,B9TL,Double Decker
SG5166K,B9TL,Double Decker
SG5518D,B9TL,Double Decker
SG5596C,B9TL,Double Decker
SG5573T,B9TL,Double Decker
SG5160B,B9TL,Double Decker
SG5491X,B9TL,Double Decker
SG5451L,B9TL,Double Decker
SG5161Z,B9TL,Double Decker
SG5168E,B9TL,Double Decker
SG5157L,B9TL,Double Decker
SG5165M,B9TL,Double Decker
SG5490Z,B9TL,Double Decker
SG5174L,B9TL,Double Decker
SG5575M,B9TL,Double Decker
SG5418J,B9TL,Double Decker
SG5425M,B9TL,Double Decker
SG5427H,B9TL,Double Decker
SG5494M,B9TL,Double Decker
SG5167H,B9TL,Double Decker
SG5417L,B9TL,Double Decker
SG5493R,B9TL,Double Decker
SG5142D,B9TL,Double Decker
SG5454D,B9TL,Double Decker
SG5170Y,B9TL,Double Decker
SG5583P,B9TL,Double Decker
SG5534G,B9TL,Double Decker
SG5172S,B9TL,Double Decker
SG5539T,B9TL,Double Decker
SG5428E,B9TL,Double Decker
SG5164R,B9TL,Double Decker
SG5152A,B9TL,Double Decker
SG5162X,B9TL,Double Decker
SG5584L,B9TL,Double Decker
SG5489D,B9TL,Double Decker
SG5171U,B9TL,Double Decker
SBS7510A,B9TL 9.4L AUTO TURBO ABS,DD
SG5025J,B9TL 9.4L AUTO TURBO ABS,DD
SBS3953G,B9TL 9.4L AUTO TURBO ABS,DD
SBS3859X,B9TL 9.4L AUTO TURBO ABS,DD
SBS7556T,B9TL 9.4L AUTO TURBO ABS,DD
SG5464A,B9TL 9.4L AUTO TURBO ABS,DD
SG5367Y,B9TL 9.4L AUTO TURBO ABS,DD
SG5467S,B9TL 9.4L AUTO TURBO ABS,DD
SG5381E,B9TL 9.4L AUTO TURBO ABS,DD
SG5354J,B9TL 9.4L AUTO TURBO ABS,DD
SBS3509G,B9TL 9.4L AUTO TURBO ABS,DD
SBS3144A,B9TL 9.4L AUTO TURBO ABS,DD
SG5364E,B9TL 9.4L AUTO TURBO ABS,DD
SG5471D,B9TL 9.4L AUTO TURBO ABS,DD
SG5567L,B9TL 9.4L AUTO TURBO ABS,DD
SG5353L,B9TL 9.4L AUTO TURBO ABS,DD
SBS3511Z,B9TL 9.4L AUTO TURBO ABS,DD
SG5349A,B9TL 9.4L AUTO TURBO ABS,DD
SG5343R,B9TL 9.4L AUTO TURBO ABS,DD
SBS3923T,B9TL 9.4L AUTO TURBO ABS,DD
SG5463C,B9TL 9.4L AUTO TURBO ABS,DD
SG5459R,B9TL 9.4L AUTO TURBO ABS,DD
SG5559K,B9TL 9.4L AUTO TURBO ABS,DD
SBS3929C,B9TL 9.4L AUTO TURBO ABS,DD
SG5456Z,B9TL 9.4L AUTO TURBO ABS,DD
SBS3790J,B9TL 9.4L AUTO TURBO ABS,DD
SBS3858Z,B9TL 9.4L AUTO TURBO ABS,DD
SBS3931U,B9TL 9.4L AUTO TURBO ABS,DD
SG5346H,B9TL 9.4L AUTO TURBO ABS,DD
SG5345K,B9TL 9.4L AUTO TURBO ABS,DD
SG5560E,B9TL 9.4L AUTO TURBO ABS,DD
SBS7506M,B9TL 9.4L AUTO TURBO ABS,DD
SG5395R,B9TL 9.4L AUTO TURBO ABS,DD
SBS3834S,B9TL 9.4L AUTO TURBO ABS,DD
SG5472B,B9TL 9.4L AUTO TURBO ABS,DD
SG5334S,B9TL 9.4L AUTO TURBO ABS,DD
SG5344M,B9TL 9.4L AUTO TURBO ABS,DD
SG5466U,B9TL 9.4L AUTO TURBO ABS,DD
SG5470G,B9TL 9.4L AUTO TURBO ABS,DD
SG5457X,B9TL 9.4L AUTO TURBO ABS,DD
SG5336L,B9TL 9.4L AUTO TURBO ABS,DD
SG5474X,B9TL 9.4L AUTO TURBO ABS,DD
SG5370L,B9TL 9.4L AUTO TURBO ABS,DD
SG5460K,B9TL 9.4L AUTO TURBO ABS,DD
SG5475T,B9TL 9.4L AUTO TURBO ABS,DD
SBS3805B,B9TL 9.4L AUTO TURBO ABS,DD
SG5110X,B9TL 9.4L AUTO TURBO ABS,DD
SBS3811H,B9TL 9.4L AUTO TURBO ABS,DD
SBS3802J,B9TL 9.4L AUTO TURBO ABS,DD
SBS3830C,B9TL 9.4L AUTO TURBO ABS,DD
SG5374B,B9TL 9.4L AUTO TURBO ABS,DD
SG5461H,B9TL 9.4L AUTO TURBO ABS,DD
SG5337J,B9TL 9.4L AUTO TURBO ABS,DD
SBS3221K,B9TL 9.4L AUTO TURBO ABS,DD
SG5465Y,B9TL 9.4L AUTO TURBO ABS,DD
SBS3820G,B9TL 9.4L AUTO TURBO ABS,DD
SBS3867Y,B9TL 9.4L AUTO TURBO ABS,DD
SBS3936G,B9TL 9.4L AUTO TURBO ABS,DD
SBS7539T,B9TL 9.4L AUTO TURBO ABS,DD
SG5473Z,B9TL 9.4L AUTO TURBO ABS,DD
SBS3868U,B9TL 9.4L AUTO TURBO ABS,DD
SBS3770S,B9TL 9.4L AUTO TURBO ABS,DD
SG5468P,B9TL 9.4L AUTO TURBO ABS,DD
SG5606H,B9TL 9.4L AUTO TURBO ABS,DD
SG5455B,B9TL 9.4L AUTO TURBO ABS,DD
SBS3955B,B9TL 9.4L AUTO TURBO ABS,DD
SG5339D,B9TL 9.4L AUTO TURBO ABS,DD
SBS3769Y,B9TL 9.4L AUTO TURBO ABS,DD
SBS3134D,B9TL 9.4L AUTO TURBO ABS,DD
SG5462E,B9TL 9.4L AUTO TURBO ABS,DD
SBS3866A,B9TL 9.4L AUTO TURBO ABS,DD
SBS3896M,B9TL 9.4L AUTO TURBO ABS,DD
SG5476R,B9TL 9.4L AUTO TURBO ABS,DD
SBS3766E,B9TL 9.4L AUTO TURBO ABS,DD
SBS3926K,B9TL 9.4L AUTO TURBO ABS,DD
SBS3974X,B9TL 9.4L AUTO TURBO ABS,DD
SBS3967S,B9TL 9.4L AUTO TURBO ABS,DD
SBS3214G,B9TL 9.4L AUTO TURBO ABS,DD
SBS3877T,B9TL 9.4L AUTO TURBO ABS,DD
SBS3203M,B9TL 9.4L AUTO TURBO ABS,DD
SBS3245S,B9TL 9.4L AUTO TURBO ABS,DD
SBS3941R,B9TL 9.4L AUTO TURBO ABS,DD
SBS3200X,B9TL 9.4L AUTO TURBO ABS,DD
SBS3874B,B9TL 9.4L AUTO TURBO ABS,DD
SBS3205H,B9TL 9.4L AUTO TURBO ABS,DD
SBS3810K,B9TL 9.4L AUTO TURBO ABS,DD
SBS3806Z,B9TL 9.4L AUTO TURBO ABS,DD
SBS3944H,B9TL 9.4L AUTO TURBO ABS,DD
SBS3243Y,B9TL 9.4L AUTO TURBO ABS,DD
SBS7513S,B9TL 9.4L AUTO TURBO ABS,DD
SBS7512U,B9TL 9.4L AUTO TURBO ABS,DD
SBS3808T,B9TL 9.4L AUTO TURBO ABS,DD
SBS3898H,B9TL 9.4L AUTO TURBO ABS,DD
SBS3804D,B9TL 9.4L AUTO TURBO ABS,DD
SG5108D,B9TL 9.4L AUTO TURBO ABS,DD
SBS3873D,B9TL 9.4L AUTO TURBO ABS,DD
SBS7501B,B9TL 9.4L AUTO TURBO ABS,DD
SG5469L,B9TL 9.4L AUTO TURBO ABS,DD
SBS3922X,B9TL 9.4L AUTO TURBO ABS,DD
SBS3939Z,B9TL 9.4L AUTO TURBO ABS,DD
SBS3853L,B9TL 9.4L AUTO TURBO ABS,DD
SBS3809R,B9TL 9.4L AUTO TURBO ABS,DD
SBS3778X,B9TL 9.4L AUTO TURBO ABS,DD
SBS3753S,B9TL 9.4L AUTO TURBO ABS,DD
SBS3202R,B9TL 9.4L AUTO TURBO ABS,DD
SBS3924R,B9TL 9.4L AUTO TURBO ABS,DD
SBS3963C,B9TL 9.4L AUTO TURBO ABS,DD
SBS3893X,B9TL 9.4L AUTO TURBO ABS,DD
SBS7529Y,B9TL 9.4L AUTO TURBO ABS,DD
SG5400J,B9TL 9.4L AUTO TURBO ABS,DD
SBS3244U,B9TL 9.4L AUTO TURBO ABS,DD
SG5350U,B9TL 9.4L AUTO TURBO ABS,DD
SBS3864E,B9TL 9.4L AUTO TURBO ABS,DD
SG5561C,B9TL 9.4L AUTO TURBO ABS,DD
SBS3016L,B9TL,DD
SBS3098A,B9TL,DD
SBS3638S,B9TL,DD
SBS3114L,B9TL,DD
SBS3668E,B9TL,DD
SBS7717X,B9TL,DD
SBS3010C,B9TL,DD
SBS3670Y,B9TL,DD
SBS3146U,B9TL,DD
SBS3094K,B9TL,DD
SBS3643B,B9TL,DD
SBS3032P,B9TL,DD
SBS3074T,B9TL,DD
SBS3620S,B9TL,DD
SBS3288T,B9TL,DD
SBS3076M,B9TL,DD
SBS3014S,B9TL,DD
SBS3263P,B9TL,DD
SBS3021X,B9TL,DD
SBS3659G,B9TL,DD
SBS3629T,B9TL,DD
SBS3628X,B9TL,DD
SBS3648M,B9TL,DD
SBS3299L,B9TL,DD
SBS3621P,B9TL,DD
SBS3634C,B9TL,DD
SBS3275E,B9TL,DD
SBS3614K,B9TL,DD
SBS3061E,B9TL,DD
SBS3143C,B9TL,DD
SBS3058R,B9TL,DD
SBS3059M,B9TL,DD
SBS3150G,B9TL,DD
SBS3064Y,B9TL,DD
SBS3198U,B9TL,DD
SBS7597A,B9TL,DD
SBS3633E,B9TL,DD
SBS3069J,B9TL,DD
SBS3616E,B9TL,DD
SBS7719R,B9TL,DD
SBS3073X,B9TL,DD
SBS3113P,B9TL,DD
SBS7726U,B9TL,DD
SBS3647R,B9TL,DD
SBS3627Z,B9TL,DD
SBS3722G,B9TL,DD
SBS3192K,B9TL,DD
SBS3173R,B9TL,DD
SBS3619Y,B9TL,DD
SBS3636Y,B9TL,DD
SBS3276C,B9TL,DD
SBS3692J,B9TL,DD
SBS7729L,B9TL,DD
SBS3660B,B9TL,DD
SBS3635A,B9TL,DD
SBS7720K,B9TL,DD
SBS3624G,B9TL,DD
SBS3644Z,B9TL,DD
SBS3095H,B9TL,DD
SBS3062C,B9TL,DD
SBS3063A,B9TL,DD
SBS3151D,B9TL,DD
SBS3630M,B9TL,DD
SBS3612R,B9TL,DD
SBS7670X,B9TL,DD
SBS7727S,B9TL,DD
SBS7631J,B9TL,DD
SBS3657L,B9TL,DD
SBS3623J,B9TL,DD
SBS3646T,B9TL,DD
SBS3190R,B9TL,DD
SBS3611T,B9TL,DD
SBS3129U,B9TL,DD
SBS3613M,B9TL,DD
SBS3182P,B9TL,DD
SBS3121R,B9TL,DD
SBS3019D,B9TL,DD
SBS3622L,B9TL,DD
SBS7669B,B9TL,DD
SBS7572X,B9TL,DD
SBS7728P,B9TL,DD
SBS3662X,B9TL,DD
SBS3181S,B9TL,DD
SBS3642D,B9TL,DD
SBS3115J,B9TL,DD
SBS3120T,B9TL,DD
SBS3267D,B9TL,DD
SG5858Y,MAN A95,DD
SG6282B,MAN A95 EU6,DD
SG6273C,MAN A95 EU6,DD
SG6098S,MAN A95 EU6,DD
SG6251R,MAN A95 EU6,DD
SG5934K,MAN A95 EU6,DD
SG6211G,MAN A95 EU6,DD
SG6246G,MAN A95 EU6,DD
SG6253K,MAN A95 EU6,DD
SG6262J,MAN A95 EU6,DD
SG6287M,MAN A95 EU6,Double Decker 3D
SG6350M,ENVIRO500,Double Decker 3D
SG6346B,ENVIRO500,Double Decker 3D
SMB8032R,MAN A24,Bendy
SG6293U,MAN A95 EU6,Double Decker 3D
SG6312Z,MAN A95 EU6,Double Decker 3D
SG6340S,ENVIRO500,Double Decker 3D
SG6301E,MAN A95 EU6,Double Decker 3D
SG6349T,ENVIRO500,Double Decker 3D
SG6304Y,MAN A95 EU6,Double Decker 3D
SG6286R,MAN A95 EU6,Double Decker 3D
SG6345D,ENVIRO500,Double Decker 3D
SMB8020A,MAN A24,Bendy
SMB8023S,MAN A24,Bendy
SMB8028D,MAN A24,Bendy
SMB8014T,MAN A24,Bendy
SG6347Z,ENVIRO500,Double Decker 3D
SMB8035H,MAN A24,Bendy
SMB388S,MAN A24,Bendy
SMB8026J,MAN A24,Bendy
SMB8033M,MAN A24,Bendy
SMB8019E,MAN A24,Bendy
SMB8013X,MAN A24,Bendy
SMB8022U,MAN A24,Bendy
SG6337C,ENVIRO500,Double Decker 3D
SMB8016M,MAN A24,Bendy
SMB8024P,MAN A24,Bendy
SMB8027G,MAN A24,Bendy
SMB8011B,MAN A24,Bendy
SMB8034K,MAN A24,Bendy
SMB8029B,MAN A24,Bendy
SMB8021Y,MAN A24,Bendy
SG6338A,ENVIRO500,Double Decker 3D
SG6351K,ENVIRO500,Double Decker 3D
SMB8039Y,MAN A24,Bendy
SG6313X,MAN A95 EU6,Double Decker 3D
SMB8012Z,MAN A24,Bendy
SMB8017K,MAN A24,Bendy
SMB8018H,MAN A24,Bendy
SG6344G,ENVIRO500,Double Decker 3D
